Geo_FIPS,Geo_GEOID,Geo_NAME,Geo_QName,Geo_STUSAB,Geo_SUMLEV,Geo_GEOCOMP,Geo_FILEID,Geo_LOGRECNO,Geo_US,Geo_REGION,Geo_DIVISION,Geo_STATECE,Geo_STATE,Geo_COUNTY,Geo_COUSUB,Geo_PLACE,Geo_PLACESE,Geo_TRACT,Geo_BLKGRP,Geo_CONCIT,Geo_AIANHH,Geo_AIANHHFP,Geo_AIHHTLI,Geo_AITSCE,Geo_AITS,Geo_ANRC,Geo_CBSA,Geo_CSA,Geo_METDIV,Geo_MACC,Geo_MEMI,Geo_NECTA,Geo_CNECTA,Geo_NECTADIV,Geo_UA,Geo_UACP,Geo_CDCURR,Geo_SLDU,Geo_SLDL,Geo_VTD,Geo_ZCTA3,Geo_ZCTA5,Geo_SUBMCD,Geo_SDELM,Geo_SDSEC,Geo_SDUNI,Geo_UR,Geo_PCI,Geo_TAZ,Geo_UGA,Geo_PUMA5,Geo_PUMA1,ACS09_5yr_C17002001,ACS09_5yr_C17002002,ACS09_5yr_C17002003,ACS09_5yr_C17002004,ACS09_5yr_C17002005,ACS09_5yr_C17002006,ACS09_5yr_C17002007,ACS09_5yr_C17002008,ACS09_5yr_C17002001s,ACS09_5yr_C17002002s,ACS09_5yr_C17002003s,ACS09_5yr_C17002004s,ACS09_5yr_C17002005s,ACS09_5yr_C17002006s,ACS09_5yr_C17002007s,ACS09_5yr_C17002008s
"06075010100","14000US06075010100","Census Tract 101, San Francisco County, California","Census Tract 101, San Francisco County, California","ca","140","00","ACSSF","0018790",,,,,"06","075",,,,"010100",,,,,,,,,,,,,,,,,,,,,,,,,,,,,,,,,,,3685,399,435,276,91,139,57,2288,280.60606060606,216.969696969697,206.666666666666,76.9696969696969,52.7272727272727,60,38.7878787878787,229.696969696969
"06075010200","14000US06075010200","Census Tract 102, San Francisco County, California","Census Tract 102, San Francisco County, California","ca","140","00","ACSSF","0018791",,,,,"06","075",,,,"010200",,,,,,,,,,,,,,,,,,,,,,,,,,,,,,,,,,,4354,115,59,30,158,39,39,3914,198.181818181818,59.3939393939394,43.030303030303,29.0909090909091,104.848484848484,23.6363636363636,28.4848484848484,198.787878787878
"06075010300","14000US06075010300","Census Tract 103, San Francisco County, California","Census Tract 103, San Francisco County, California","ca","140","00","ACSSF","0018792",,,,,"06","075",,,,"010300",,,,,,,,,,,,,,,,,,,,,,,,,,,,,,,,,,,3736,395,200,64,36,105,12,2924,308.484848484848,205.454545454545,107.272727272727,32.1212121212121,28.4848484848484,79.3939393939394,12.1212121212121,280.60606060606
"06075010400","14000US06075010400","Census Tract 104, San Francisco County, California","Census Tract 104, San Francisco County, California","ca","140","00","ACSSF","0018793",,,,,"06","075",,,,"010400",,,,,,,,,,,,,,,,,,,,,,,,,,,,,,,,,,,4481,159,149,34,134,99,105,3801,252.727272727272,76.9696969696969,63.6363636363636,23.030303030303,64.2424242424242,55.7575757575757,53.3333333333333,281.212121212121
"06075010500","14000US06075010500","Census Tract 105, San Francisco County, California","Census Tract 105, San Francisco County, California","ca","140","00","ACSSF","0018794",,,,,"06","075",,,,"010500",,,,,,,,,,,,,,,,,,,,,,,,,,,,,,,,,,,2415,12,73,40,11,58,19,2202,130.90909090909,9.69696969696969,54.5454545454545,20.6060606060606,11.5151515151515,27.8787878787878,18.1818181818181,141.212121212121
"06075010600","14000US06075010600","Census Tract 106, San Francisco County, California","Census Tract 106, San Francisco County, California","ca","140","00","ACSSF","0018795",,,,,"06","075",,,,"010600",,,,,,,,,,,,,,,,,,,,,,,,,,,,,,,,,,,4018,261,326,250,347,469,93,2272,260.60606060606,112.727272727272,124.848484848484,94.5454545454545,122.424242424242,135.757575757575,66.060606060606,257.575757575757
"06075010700","14000US06075010700","Census Tract 107, San Francisco County, California","Census Tract 107, San Francisco County, California","ca","140","00","ACSSF","0018796",,,,,"06","075",,,,"010700",,,,,,,,,,,,,,,,,,,,,,,,,,,,,,,,,,,5326,828,629,456,549,821,253,1790,247.878787878787,205.454545454545,107.878787878787,116.363636363636,202.424242424242,244.242424242424,103.636363636363,255.757575757575
"06075010800","14000US06075010800","Census Tract 108, San Francisco County, California","Census Tract 108, San Francisco County, California","ca","140","00","ACSSF","0018797",,,,,"06","075",,,,"010800",,,,,,,,,,,,,,,,,,,,,,,,,,,,,,,,,,,4789,98,373,193,258,413,0,3454,229.090909090909,41.2121212121212,117.575757575757,64.8484848484848,123.030303030303,195.151515151515,80,290.90909090909
"06075010900","14000US06075010900","Census Tract 109, San Francisco County, California","Census Tract 109, San Francisco County, California","ca","140","00","ACSSF","0018798",,,,,"06","075",,,,"010900",,,,,,,,,,,,,,,,,,,,,,,,,,,,,,,,,,,4377,85,165,299,171,129,135,3393,195.151515151515,52.7272727272727,55.1515151515151,136.363636363636,115.151515151515,71.5151515151515,60.6060606060606,214.545454545454
"06075011000","14000US06075011000","Census Tract 110, San Francisco County, California","Census Tract 110, San Francisco County, California","ca","140","00","ACSSF","0018799",,,,,"06","075",,,,"011000",,,,,,,,,,,,,,,,,,,,,,,,,,,,,,,,,,,5502,312,492,127,270,316,129,3856,294.545454545454,160.60606060606,196.363636363636,87.2727272727272,77.5757575757575,116.363636363636,76.3636363636363,320
"06075011100","14000US06075011100","Census Tract 111, San Francisco County, California","Census Tract 111, San Francisco County, California","ca","140","00","ACSSF","0018800",,,,,"06","075",,,,"011100",,,,,,,,,,,,,,,,,,,,,,,,,,,,,,,,,,,4776,348,449,251,392,429,148,2759,242.424242424242,92.7272727272727,116.363636363636,107.272727272727,118.181818181818,176.363636363636,88.4848484848484,229.696969696969
"06075011200","14000US06075011200","Census Tract 112, San Francisco County, California","Census Tract 112, San Francisco County, California","ca","140","00","ACSSF","0018801",,,,,"06","075",,,,"011200",,,,,,,,,,,,,,,,,,,,,,,,,,,,,,,,,,,3670,180,258,76,61,108,32,2955,247.878787878787,64.2424242424242,84.2424242424242,51.5151515151515,38.7878787878787,59.3939393939394,18.1818181818181,283.636363636363
"06075011300","14000US06075011300","Census Tract 113, San Francisco County, California","Census Tract 113, San Francisco County, California","ca","140","00","ACSSF","0018802",,,,,"06","075",,,,"011300",,,,,,,,,,,,,,,,,,,,,,,,,,,,,,,,,,,3451,387,767,369,282,175,116,1355,238.181818181818,164.848484848484,181.818181818181,91.5151515151515,90.3030303030303,92.1212121212121,75.7575757575757,260
"06075011400","14000US06075011400","Census Tract 114, San Francisco County, California","Census Tract 114, San Francisco County, California","ca","140","00","ACSSF","0018803",,,,,"06","075",,,,"011400",,,,,,,,,,,,,,,,,,,,,,,,,,,,,,,,,,,3067,189,978,473,264,346,178,639,223.636363636363,88.4848484848484,220.60606060606,184.242424242424,99.3939393939394,103.636363636363,109.696969696969,161.818181818181
"06075011500","14000US06075011500","Census Tract 115, San Francisco County, California","Census Tract 115, San Francisco County, California","ca","140","00","ACSSF","0018804",,,,,"06","075",,,,"011500",,,,,,,,,,,,,,,,,,,,,,,,,,,,,,,,,,,773,6,155,198,146,61,7,200,58.7878787878788,6.06060606060606,41.8181818181818,49.0909090909091,38.7878787878787,36.3636363636363,8.48484848484848,64.8484848484848
"06075011700","14000US06075011700","Census Tract 117, San Francisco County, California","Census Tract 117, San Francisco County, California","ca","140","00","ACSSF","0018805",,,,,"06","075",,,,"011700",,,,,,,,,,,,,,,,,,,,,,,,,,,,,,,,,,,1531,106,331,211,111,38,18,716,95.7575757575757,31.5151515151515,98.1818181818182,60,63.030303030303,15.7575757575757,13.9393939393939,92.1212121212121
"06075011800","14000US06075011800","Census Tract 118, San Francisco County, California","Census Tract 118, San Francisco County, California","ca","140","00","ACSSF","0018806",,,,,"06","075",,,,"011800",,,,,,,,,,,,,,,,,,,,,,,,,,,,,,,,,,,1563,177,322,155,91,269,63,486,113.333333333333,97.5757575757576,107.878787878787,53.9393939393939,55.1515151515151,199.393939393939,58.1818181818182,116.363636363636
"06075011900","14000US06075011900","Census Tract 119, San Francisco County, California","Census Tract 119, San Francisco County, California","ca","140","00","ACSSF","0018807",,,,,"06","075",,,,"011900",,,,,,,,,,,,,,,,,,,,,,,,,,,,,,,,,,,4692,382,127,293,218,244,196,3232,267.272727272727,121.818181818181,53.9393939393939,121.818181818181,62.4242424242424,147.878787878787,81.2121212121212,220.60606060606
"06075012000","14000US06075012000","Census Tract 120, San Francisco County, California","Census Tract 120, San Francisco County, California","ca","140","00","ACSSF","0018808",,,,,"06","075",,,,"012000",,,,,,,,,,,,,,,,,,,,,,,,,,,,,,,,,,,3405,550,344,274,95,167,180,1795,212.121212121212,146.666666666666,120,89.6969696969697,48.4848484848484,70.3030303030303,80.6060606060606,201.818181818181
"06075012100","14000US06075012100","Census Tract 121, San Francisco County, California","Census Tract 121, San Francisco County, California","ca","140","00","ACSSF","0018809",,,,,"06","075",,,,"012100",,,,,,,,,,,,,,,,,,,,,,,,,,,,,,,,,,,2579,353,157,88,247,234,207,1293,153.939393939393,76.3636363636363,61.2121212121212,53.9393939393939,92.1212121212121,89.6969696969697,91.5151515151515,167.272727272727
"06075012200","14000US06075012200","Census Tract 122, San Francisco County, California","Census Tract 122, San Francisco County, California","ca","140","00","ACSSF","0018810",,,,,"06","075",,,,"012200",,,,,,,,,,,,,,,,,,,,,,,,,,,,,,,,,,,6434,850,804,490,252,864,271,2903,333.939393939393,227.878787878787,156.969696969696,138.787878787878,95.1515151515151,243.030303030303,113.939393939393,267.272727272727
"06075012300","14000US06075012300","Census Tract 123, San Francisco County, California","Census Tract 123, San Francisco County, California","ca","140","00","ACSSF","0018811",,,,,"06","075",,,,"012300",,,,,,,,,,,,,,,,,,,,,,,,,,,,,,,,,,,4581,612,514,474,218,455,410,1898,418.181818181818,110.90909090909,104.242424242424,134.545454545454,70.3030303030303,131.515151515151,277.575757575757,226.666666666666
"06075012400","14000US06075012400","Census Tract 124, San Francisco County, California","Census Tract 124, San Francisco County, California","ca","140","00","ACSSF","0018812",,,,,"06","075",,,,"012400",,,,,,,,,,,,,,,,,,,,,,,,,,,,,,,,,,,6707,831,806,919,753,594,126,2678,403.636363636363,256.969696969697,180,160.60606060606,223.636363636363,249.696969696969,60,335.757575757575
"06075012500","14000US06075012500","Census Tract 125, San Francisco County, California","Census Tract 125, San Francisco County, California","ca","140","00","ACSSF","0018813",,,,,"06","075",,,,"012500",,,,,,,,,,,,,,,,,,,,,,,,,,,,,,,,,,,6179,925,1511,1221,206,748,55,1513,410.30303030303,196.969696969697,260.60606060606,180.60606060606,91.5151515151515,223.030303030303,56.3636363636363,260.60606060606
"06075012600","14000US06075012600","Census Tract 126, San Francisco County, California","Census Tract 126, San Francisco County, California","ca","140","00","ACSSF","0018814",,,,,"06","075",,,,"012600",,,,,,,,,,,,,,,,,,,,,,,,,,,,,,,,,,,4804,226,140,54,41,59,38,4246,340.60606060606,74.5454545454545,66.060606060606,25.4545454545454,39.3939393939394,36.3636363636363,24.2424242424242,301.818181818181
"06075012700","14000US06075012700","Census Tract 127, San Francisco County, California","Census Tract 127, San Francisco County, California","ca","140","00","ACSSF","0018815",,,,,"06","075",,,,"012700",,,,,,,,,,,,,,,,,,,,,,,,,,,,,,,,,,,3410,83,68,105,22,135,35,2962,201.818181818181,39.3939393939394,46.060606060606,80.6060606060606,21.8181818181818,80.6060606060606,35.7575757575757,247.272727272727
"06075012800","14000US06075012800","Census Tract 128, San Francisco County, California","Census Tract 128, San Francisco County, California","ca","140","00","ACSSF","0018816",,,,,"06","075",,,,"012800",,,,,,,,,,,,,,,,,,,,,,,,,,,,,,,,,,,4214,90,144,44,13,68,0,3855,356.363636363636,52.1212121212121,53.3333333333333,26.060606060606,13.3333333333333,39.3939393939394,80,351.515151515151
"06075012900","14000US06075012900","Census Tract 129, San Francisco County, California","Census Tract 129, San Francisco County, California","ca","140","00","ACSSF","0018817",,,,,"06","075",,,,"012900",,,,,,,,,,,,,,,,,,,,,,,,,,,,,,,,,,,5790,132,152,101,73,41,40,5251,233.333333333333,61.2121212121212,63.6363636363636,62.4242424242424,36.9696969696969,22.4242424242424,26.060606060606,247.878787878787
"06075013000","14000US06075013000","Census Tract 130, San Francisco County, California","Census Tract 130, San Francisco County, California","ca","140","00","ACSSF","0018818",,,,,"06","075",,,,"013000",,,,,,,,,,,,,,,,,,,,,,,,,,,,,,,,,,,3861,125,103,0,123,39,41,3430,209.696969696969,47.2727272727272,73.9393939393939,80,58.1818181818182,20.6060606060606,28.4848484848484,248.484848484848
"06075013100","14000US06075013100","Census Tract 131, San Francisco County, California","Census Tract 131, San Francisco County, California","ca","140","00","ACSSF","0018819",,,,,"06","075",,,,"013100",,,,,,,,,,,,,,,,,,,,,,,,,,,,,,,,,,,7005,276,373,6,11,158,22,6159,364.242424242424,118.181818181818,212.727272727272,6.66666666666666,10.9090909090909,70.9090909090909,15.1515151515151,277.575757575757
"06075013200","14000US06075013200","Census Tract 132, San Francisco County, California","Census Tract 132, San Francisco County, California","ca","140","00","ACSSF","0018820",,,,,"06","075",,,,"013200",,,,,,,,,,,,,,,,,,,,,,,,,,,,,,,,,,,5053,38,64,51,166,126,0,4608,318.787878787878,21.2121212121212,44.2424242424242,27.2727272727272,92.7272727272727,60,80,336.969696969697
"06075013300","14000US06075013300","Census Tract 133, San Francisco County, California","Census Tract 133, San Francisco County, California","ca","140","00","ACSSF","0018821",,,,,"06","075",,,,"013300",,,,,,,,,,,,,,,,,,,,,,,,,,,,,,,,,,,3766,10,23,59,48,144,0,3482,235.151515151515,12.7272727272727,20,25.4545454545454,37.5757575757575,76.3636363636363,80,226.060606060606
"06075013400","14000US06075013400","Census Tract 134, San Francisco County, California","Census Tract 134, San Francisco County, California","ca","140","00","ACSSF","0018822",,,,,"06","075",,,,"013400",,,,,,,,,,,,,,,,,,,,,,,,,,,,,,,,,,,3541,81,185,133,64,34,29,3015,326.060606060606,34.5454545454545,132.121212121212,83.030303030303,45.4545454545454,33.3333333333333,20.6060606060606,271.515151515151
"06075013500","14000US06075013500","Census Tract 135, San Francisco County, California","Census Tract 135, San Francisco County, California","ca","140","00","ACSSF","0018823",,,,,"06","075",,,,"013500",,,,,,,,,,,,,,,,,,,,,,,,,,,,,,,,,,,2893,160,110,57,10,23,12,2521,176.363636363636,52.7272727272727,36.3636363636363,21.2121212121212,9.09090909090909,21.8181818181818,11.5151515151515,195.151515151515
"06075015100","14000US06075015100","Census Tract 151, San Francisco County, California","Census Tract 151, San Francisco County, California","ca","140","00","ACSSF","0018824",,,,,"06","075",,,,"015100",,,,,,,,,,,,,,,,,,,,,,,,,,,,,,,,,,,1945,60,38,56,79,52,65,1595,110.90909090909,30.3030303030303,20,30.9090909090909,61.8181818181818,24.8484848484848,30.3030303030303,98.1818181818182
"06075015200","14000US06075015200","Census Tract 152, San Francisco County, California","Census Tract 152, San Francisco County, California","ca","140","00","ACSSF","0018825",,,,,"06","075",,,,"015200",,,,,,,,,,,,,,,,,,,,,,,,,,,,,,,,,,,4009,117,207,91,125,118,0,3351,238.181818181818,41.2121212121212,72.1212121212121,42.4242424242424,70.3030303030303,76.9696969696969,80,254.545454545454
"06075015300","14000US06075015300","Census Tract 153, San Francisco County, California","Census Tract 153, San Francisco County, California","ca","140","00","ACSSF","0018826",,,,,"06","075",,,,"015300",,,,,,,,,,,,,,,,,,,,,,,,,,,,,,,,,,,1947,64,83,88,32,236,33,1411,166.060606060606,29.6969696969697,44.8484848484848,75.7575757575757,23.6363636363636,93.3333333333333,19.3939393939393,132.121212121212
"06075015400","14000US06075015400","Census Tract 154, San Francisco County, California","Census Tract 154, San Francisco County, California","ca","140","00","ACSSF","0018827",,,,,"06","075",,,,"015400",,,,,,,,,,,,,,,,,,,,,,,,,,,,,,,,,,,5922,213,39,154,84,340,206,4886,346.060606060606,83.6363636363636,20.6060606060606,66.6666666666666,53.3333333333333,140.60606060606,121.818181818181,264.848484848484
"06075015500","14000US06075015500","Census Tract 155, San Francisco County, California","Census Tract 155, San Francisco County, California","ca","140","00","ACSSF","0018828",,,,,"06","075",,,,"015500",,,,,,,,,,,,,,,,,,,,,,,,,,,,,,,,,,,3662,252,307,415,78,217,26,2367,372.727272727272,96.9696969696969,91.5151515151515,130.90909090909,36.3636363636363,92.1212121212121,20,270.30303030303
"06075015600","14000US06075015600","Census Tract 156, San Francisco County, California","Census Tract 156, San Francisco County, California","ca","140","00","ACSSF","0018829",,,,,"06","075",,,,"015600",,,,,,,,,,,,,,,,,,,,,,,,,,,,,,,,,,,2909,312,72,48,34,108,10,2325,218.181818181818,165.454545454545,28.4848484848484,24.8484848484848,17.5757575757575,41.2121212121212,9.69696969696969,145.454545454545
"06075015700","14000US06075015700","Census Tract 157, San Francisco County, California","Census Tract 157, San Francisco County, California","ca","140","00","ACSSF","0018830",,,,,"06","075",,,,"015700",,,,,,,,,,,,,,,,,,,,,,,,,,,,,,,,,,,5729,470,279,206,238,302,43,4191,444.242424242424,156.969696969696,92.1212121212121,87.8787878787879,92.1212121212121,147.878787878787,26.060606060606,361.818181818181
"06075015800","14000US06075015800","Census Tract 158, San Francisco County, California","Census Tract 158, San Francisco County, California","ca","140","00","ACSSF","0018831",,,,,"06","075",,,,"015800",,,,,,,,,,,,,,,,,,,,,,,,,,,,,,,,,,,6599,645,480,251,424,87,30,4682,478.787878787878,175.151515151515,141.212121212121,80,179.393939393939,50.9090909090909,30.3030303030303,454.545454545454
"06075015900","14000US06075015900","Census Tract 159, San Francisco County, California","Census Tract 159, San Francisco County, California","ca","140","00","ACSSF","0018832",,,,,"06","075",,,,"015900",,,,,,,,,,,,,,,,,,,,,,,,,,,,,,,,,,,4068,417,152,51,495,393,76,2484,254.545454545454,110.90909090909,59.3939393939394,39.3939393939394,231.515151515151,142.424242424242,38.1818181818181,252.727272727272
"06075016000","14000US06075016000","Census Tract 160, San Francisco County, California","Census Tract 160, San Francisco County, California","ca","140","00","ACSSF","0018833",,,,,"06","075",,,,"016000",,,,,,,,,,,,,,,,,,,,,,,,,,,,,,,,,,,2255,132,32,72,37,232,13,1737,126.666666666666,55.1515151515151,18.1818181818181,35.1515151515151,33.9393939393939,93.3333333333333,12.1212121212121,134.545454545454
"06075016100","14000US06075016100","Census Tract 161, San Francisco County, California","Census Tract 161, San Francisco County, California","ca","140","00","ACSSF","0018834",,,,,"06","075",,,,"016100",,,,,,,,,,,,,,,,,,,,,,,,,,,,,,,,,,,5033,377,609,869,569,209,71,2329,320,172.121212121212,114.545454545454,178.787878787878,237.575757575757,80,33.3333333333333,292.121212121212
"06075016200","14000US06075016200","Census Tract 162, San Francisco County, California","Census Tract 162, San Francisco County, California","ca","140","00","ACSSF","0018835",,,,,"06","075",,,,"016200",,,,,,,,,,,,,,,,,,,,,,,,,,,,,,,,,,,2431,188,117,79,123,61,158,1705,201.818181818181,70.3030303030303,37.5757575757575,32.1212121212121,50.9090909090909,33.3333333333333,80,158.181818181818
"06075016300","14000US06075016300","Census Tract 163, San Francisco County, California","Census Tract 163, San Francisco County, California","ca","140","00","ACSSF","0018836",,,,,"06","075",,,,"016300",,,,,,,,,,,,,,,,,,,,,,,,,,,,,,,,,,,4473,469,482,162,160,317,117,2766,298.787878787878,124.848484848484,138.181818181818,64.2424242424242,49.0909090909091,109.090909090909,62.4242424242424,242.424242424242
"06075016400","14000US06075016400","Census Tract 164, San Francisco County, California","Census Tract 164, San Francisco County, California","ca","140","00","ACSSF","0018837",,,,,"06","075",,,,"016400",,,,,,,,,,,,,,,,,,,,,,,,,,,,,,,,,,,3481,133,54,90,83,57,73,2991,231.515151515151,49.6969696969697,27.8787878787878,38.7878787878787,36.3636363636363,26.6666666666666,40,236.363636363636
"06075016500","14000US06075016500","Census Tract 165, San Francisco County, California","Census Tract 165, San Francisco County, California","ca","140","00","ACSSF","0018838",,,,,"06","075",,,,"016500",,,,,,,,,,,,,,,,,,,,,,,,,,,,,,,,,,,4443,283,162,130,66,169,29,3604,215.151515151515,115.151515151515,63.030303030303,52.7272727272727,33.9393939393939,67.8787878787878,29.6969696969697,201.818181818181
"06075016600","14000US06075016600","Census Tract 166, San Francisco County, California","Census Tract 166, San Francisco County, California","ca","140","00","ACSSF","0018839",,,,,"06","075",,,,"016600",,,,,,,,,,,,,,,,,,,,,,,,,,,,,,,,,,,4987,398,302,152,218,103,67,3747,348.484848484848,138.181818181818,83.030303030303,70.9090909090909,89.0909090909091,55.1515151515151,30.9090909090909,266.060606060606
"06075016700","14000US06075016700","Census Tract 167, San Francisco County, California","Census Tract 167, San Francisco County, California","ca","140","00","ACSSF","0018840",,,,,"06","075",,,,"016700",,,,,,,,,,,,,,,,,,,,,,,,,,,,,,,,,,,4718,296,232,61,143,132,98,3756,270.30303030303,83.030303030303,124.242424242424,27.8787878787878,101.818181818181,60.6060606060606,61.8181818181818,284.848484848484
"06075016800","14000US06075016800","Census Tract 168, San Francisco County, California","Census Tract 168, San Francisco County, California","ca","140","00","ACSSF","0018841",,,,,"06","075",,,,"016800",,,,,,,,,,,,,,,,,,,,,,,,,,,,,,,,,,,6264,286,524,156,233,277,19,4769,469.696969696969,86.6666666666666,207.878787878787,67.8787878787878,101.212121212121,116.969696969697,18.1818181818181,423.636363636363
"06075016900","14000US06075016900","Census Tract 169, San Francisco County, California","Census Tract 169, San Francisco County, California","ca","140","00","ACSSF","0018842",,,,,"06","075",,,,"016900",,,,,,,,,,,,,,,,,,,,,,,,,,,,,,,,,,,3619,132,134,177,129,86,25,2936,164.242424242424,39.3939393939394,41.2121212121212,63.030303030303,50.9090909090909,36.3636363636363,23.030303030303,180.60606060606
"06075017000","14000US06075017000","Census Tract 170, San Francisco County, California","Census Tract 170, San Francisco County, California","ca","140","00","ACSSF","0018843",,,,,"06","075",,,,"017000",,,,,,,,,,,,,,,,,,,,,,,,,,,,,,,,,,,3625,70,181,21,25,123,0,3205,247.272727272727,33.9393939393939,103.636363636363,14.5454545454545,18.1818181818181,49.0909090909091,80,242.424242424242
"06075017100","14000US06075017100","Census Tract 171, San Francisco County, California","Census Tract 171, San Francisco County, California","ca","140","00","ACSSF","0018844",,,,,"06","075",,,,"017100",,,,,,,,,,,,,,,,,,,,,,,,,,,,,,,,,,,7650,459,237,61,41,112,80,6660,366.666666666666,116.363636363636,94.5454545454545,27.8787878787878,26.6666666666666,59.3939393939394,35.7575757575757,338.787878787878
"06075017601","14000US06075017601","Census Tract 176.01, San Francisco County, California","Census Tract 176.01, San Francisco County, California","ca","140","00","ACSSF","0018845",,,,,"06","075",,,,"017601",,,,,,,,,,,,,,,,,,,,,,,,,,,,,,,,,,,5905,761,826,744,587,702,82,2203,445.454545454545,176.363636363636,179.393939393939,216.363636363636,223.636363636363,196.363636363636,54.5454545454545,246.666666666666
"06075017602","14000US06075017602","Census Tract 176.02, San Francisco County, California","Census Tract 176.02, San Francisco County, California","ca","140","00","ACSSF","0018846",,,,,"06","075",,,,"017602",,,,,,,,,,,,,,,,,,,,,,,,,,,,,,,,,,,1054,11,6,0,0,5,53,979,143.636363636363,10.9090909090909,5.45454545454545,80,80,4.84848484848484,52.1212121212121,133.333333333333
"06075017700","14000US06075017700","Census Tract 177, San Francisco County, California","Census Tract 177, San Francisco County, California","ca","140","00","ACSSF","0018847",,,,,"06","075",,,,"017700",,,,,,,,,,,,,,,,,,,,,,,,,,,,,,,,,,,1542,118,123,93,19,136,51,1002,127.878787878787,52.1212121212121,33.9393939393939,42.4242424242424,14.5454545454545,65.4545454545454,31.5151515151515,110.90909090909
"06075017800","14000US06075017800","Census Tract 178, San Francisco County, California","Census Tract 178, San Francisco County, California","ca","140","00","ACSSF","0018848",,,,,"06","075",,,,"017800",,,,,,,,,,,,,,,,,,,,,,,,,,,,,,,,,,,6677,769,1084,764,564,219,57,3220,393.939393939394,176.363636363636,256.363636363636,161.212121212121,150.30303030303,75.1515151515151,40,278.181818181818
"06075017901","14000US06075017901","Census Tract 179.01, San Francisco County, California","Census Tract 179.01, San Francisco County, California","ca","140","00","ACSSF","0018849",,,,,"06","075",,,,"017901",,,,,,,,,,,,,,,,,,,,,,,,,,,,,,,,,,,8416,1630,276,44,364,112,14,5976,562.424242424242,451.515151515151,101.212121212121,23.6363636363636,174.545454545454,70.3030303030303,12.7272727272727,318.787878787878
"06075017902","14000US06075017902","Census Tract 179.02, San Francisco County, California","Census Tract 179.02, San Francisco County, California","ca","140","00","ACSSF","0018850",,,,,"06","075",,,,"017902",,,,,,,,,,,,,,,,,,,,,,,,,,,,,,,,,,,2477,360,133,80,74,391,55,1384,226.060606060606,107.878787878787,56.3636363636363,44.2424242424242,68.4848484848484,130.30303030303,46.6666666666666,218.181818181818
"06075018000","14000US06075018000","Census Tract 180, San Francisco County, California","Census Tract 180, San Francisco County, California","ca","140","00","ACSSF","0018851",,,,,"06","075",,,,"018000",,,,,,,,,,,,,,,,,,,,,,,,,,,,,,,,,,,1831,97,4,194,7,51,0,1478,154.545454545454,36.9696969696969,4.84848484848484,147.272727272727,6.66666666666666,38.7878787878787,80,107.878787878787
"06075020100","14000US06075020100","Census Tract 201, San Francisco County, California","Census Tract 201, San Francisco County, California","ca","140","00","ACSSF","0018852",,,,,"06","075",,,,"020100",,,,,,,,,,,,,,,,,,,,,,,,,,,,,,,,,,,5717,305,852,879,432,541,63,2645,386.666666666666,72.7272727272727,211.515151515151,258.181818181818,166.060606060606,154.545454545454,36.3636363636363,322.424242424242
"06075020200","14000US06075020200","Census Tract 202, San Francisco County, California","Census Tract 202, San Francisco County, California","ca","140","00","ACSSF","0018853",,,,,"06","075",,,,"020200",,,,,,,,,,,,,,,,,,,,,,,,,,,,,,,,,,,5660,599,316,151,406,330,161,3697,297.575757575757,136.363636363636,96.3636363636364,55.1515151515151,129.090909090909,103.636363636363,71.5151515151515,296.363636363636
"06075020300","14000US06075020300","Census Tract 203, San Francisco County, California","Census Tract 203, San Francisco County, California","ca","140","00","ACSSF","0018854",,,,,"06","075",,,,"020300",,,,,,,,,,,,,,,,,,,,,,,,,,,,,,,,,,,3151,120,53,56,0,36,14,2872,253.333333333333,45.4545454545454,30.9090909090909,37.5757575757575,80,20.6060606060606,9.69696969696969,247.878787878787
"06075020400","14000US06075020400","Census Tract 204, San Francisco County, California","Census Tract 204, San Francisco County, California","ca","140","00","ACSSF","0018855",,,,,"06","075",,,,"020400",,,,,,,,,,,,,,,,,,,,,,,,,,,,,,,,,,,7266,359,313,34,167,312,88,5993,313.939393939393,101.818181818181,91.5151515151515,23.030303030303,50.9090909090909,115.757575757575,49.6969696969697,367.272727272727
"06075020500","14000US06075020500","Census Tract 205, San Francisco County, California","Census Tract 205, San Francisco County, California","ca","140","00","ACSSF","0018856",,,,,"06","075",,,,"020500",,,,,,,,,,,,,,,,,,,,,,,,,,,,,,,,,,,2661,80,32,42,117,65,111,2214,134.545454545454,35.7575757575757,28.4848484848484,24.8484848484848,58.7878787878788,29.6969696969697,51.5151515151515,150.30303030303
"06075020600","14000US06075020600","Census Tract 206, San Francisco County, California","Census Tract 206, San Francisco County, California","ca","140","00","ACSSF","0018857",,,,,"06","075",,,,"020600",,,,,,,,,,,,,,,,,,,,,,,,,,,,,,,,,,,5334,185,284,62,95,31,97,4580,341.212121212121,50.9090909090909,79.3939393939394,32.1212121212121,41.2121212121212,20.6060606060606,50.9090909090909,349.090909090909
"06075020700","14000US06075020700","Census Tract 207, San Francisco County, California","Census Tract 207, San Francisco County, California","ca","140","00","ACSSF","0018858",,,,,"06","075",,,,"020700",,,,,,,,,,,,,,,,,,,,,,,,,,,,,,,,,,,6835,405,776,87,41,69,37,5420,412.121212121212,193.939393939393,268.484848484848,57.5757575757575,32.1212121212121,44.8484848484848,24.2424242424242,422.424242424242
"06075020800","14000US06075020800","Census Tract 208, San Francisco County, California","Census Tract 208, San Francisco County, California","ca","140","00","ACSSF","0018859",,,,,"06","075",,,,"020800",,,,,,,,,,,,,,,,,,,,,,,,,,,,,,,,,,,6900,589,198,635,491,558,117,4312,420,243.636363636363,86.6666666666666,187.878787878787,146.666666666666,170.30303030303,80.6060606060606,327.878787878787
"06075020900","14000US06075020900","Census Tract 209, San Francisco County, California","Census Tract 209, San Francisco County, California","ca","140","00","ACSSF","0018860",,,,,"06","075",,,,"020900",,,,,,,,,,,,,,,,,,,,,,,,,,,,,,,,,,,5075,335,317,219,409,509,182,3104,292.121212121212,117.575757575757,96.3636363636364,69.6969696969697,162.424242424242,141.818181818181,89.0909090909091,301.212121212121
"06075021000","14000US06075021000","Census Tract 210, San Francisco County, California","Census Tract 210, San Francisco County, California","ca","140","00","ACSSF","0018861",,,,,"06","075",,,,"021000",,,,,,,,,,,,,,,,,,,,,,,,,,,,,,,,,,,4984,361,108,233,15,356,0,3911,322.424242424242,175.757575757575,46.060606060606,114.545454545454,14.5454545454545,203.030303030303,80,276.363636363636
"06075021100","14000US06075021100","Census Tract 211, San Francisco County, California","Census Tract 211, San Francisco County, California","ca","140","00","ACSSF","0018862",,,,,"06","075",,,,"021100",,,,,,,,,,,,,,,,,,,,,,,,,,,,,,,,,,,4680,103,171,97,67,126,21,4095,216.363636363636,45.4545454545454,87.8787878787879,43.030303030303,53.9393939393939,68.4848484848484,20.6060606060606,233.939393939394
"06075021200","14000US06075021200","Census Tract 212, San Francisco County, California","Census Tract 212, San Francisco County, California","ca","140","00","ACSSF","0018863",,,,,"06","075",,,,"021200",,,,,,,,,,,,,,,,,,,,,,,,,,,,,,,,,,,2905,29,110,0,46,47,42,2631,195.757575757575,16.3636363636363,63.6363636363636,80,26.060606060606,23.030303030303,23.030303030303,207.272727272727
"06075021300","14000US06075021300","Census Tract 213, San Francisco County, California","Census Tract 213, San Francisco County, California","ca","140","00","ACSSF","0018864",,,,,"06","075",,,,"021300",,,,,,,,,,,,,,,,,,,,,,,,,,,,,,,,,,,2715,83,2,19,27,162,0,2422,151.515151515151,35.1515151515151,8.48484848484848,13.9393939393939,18.7878787878787,81.8181818181818,80,163.636363636363
"06075021400","14000US06075021400","Census Tract 214, San Francisco County, California","Census Tract 214, San Francisco County, California","ca","140","00","ACSSF","0018865",,,,,"06","075",,,,"021400",,,,,,,,,,,,,,,,,,,,,,,,,,,,,,,,,,,3610,93,116,36,63,76,55,3171,195.757575757575,32.1212121212121,49.6969696969697,20,38.7878787878787,40.6060606060606,38.1818181818181,206.666666666666
"06075021500","14000US06075021500","Census Tract 215, San Francisco County, California","Census Tract 215, San Francisco County, California","ca","140","00","ACSSF","0018866",,,,,"06","075",,,,"021500",,,,,,,,,,,,,,,,,,,,,,,,,,,,,,,,,,,5393,71,104,173,27,464,35,4519,347.272727272727,39.3939393939394,38.1818181818181,124.242424242424,20,220,20,264.848484848484
"06075021600","14000US06075021600","Census Tract 216, San Francisco County, California","Census Tract 216, San Francisco County, California","ca","140","00","ACSSF","0018867",,,,,"06","075",,,,"021600",,,,,,,,,,,,,,,,,,,,,,,,,,,,,,,,,,,4321,124,104,201,102,116,112,3562,236.363636363636,42.4242424242424,55.1515151515151,72.7272727272727,49.0909090909091,60,84.2424242424242,272.727272727272
"06075021700","14000US06075021700","Census Tract 217, San Francisco County, California","Census Tract 217, San Francisco County, California","ca","140","00","ACSSF","0018868",,,,,"06","075",,,,"021700",,,,,,,,,,,,,,,,,,,,,,,,,,,,,,,,,,,4037,89,245,106,81,112,0,3404,223.030303030303,44.2424242424242,70.9090909090909,31.5151515151515,47.8787878787878,50.9090909090909,80,253.939393939394
"06075021800","14000US06075021800","Census Tract 218, San Francisco County, California","Census Tract 218, San Francisco County, California","ca","140","00","ACSSF","0018869",,,,,"06","075",,,,"021800",,,,,,,,,,,,,,,,,,,,,,,,,,,,,,,,,,,4462,246,150,72,14,65,60,3855,226.666666666666,90.3030303030303,58.1818181818182,34.5454545454545,10.3030303030303,38.1818181818181,41.8181818181818,230.90909090909
"06075022600","14000US06075022600","Census Tract 226, San Francisco County, California","Census Tract 226, San Francisco County, California","ca","140","00","ACSSF","0018870",,,,,"06","075",,,,"022600",,,,,,,,,,,,,,,,,,,,,,,,,,,,,,,,,,,1314,16,0,0,0,17,0,1281,91.5151515151515,19.3939393939393,80,80,80,13.3333333333333,80,86.6666666666666
"06075022701","14000US06075022701","Census Tract 227.01, San Francisco County, California","Census Tract 227.01, San Francisco County, California","ca","140","00","ACSSF","0018871",,,,,"06","075",,,,"022701",,,,,,,,,,,,,,,,,,,,,,,,,,,,,,,,,,,3470,54,157,87,33,118,0,3021,281.818181818181,23.6363636363636,78.7878787878788,40.6060606060606,17.5757575757575,53.9393939393939,80,252.121212121212
"06075022702","14000US06075022702","Census Tract 227.02, San Francisco County, California","Census Tract 227.02, San Francisco County, California","ca","140","00","ACSSF","0018872",,,,,"06","075",,,,"022702",,,,,,,,,,,,,,,,,,,,,,,,,,,,,,,,,,,2187,61,40,31,24,13,0,2018,156.363636363636,24.8484848484848,33.9393939393939,22.4242424242424,20.6060606060606,12.1212121212121,80,159.393939393939
"06075022703","14000US06075022703","Census Tract 227.03, San Francisco County, California","Census Tract 227.03, San Francisco County, California","ca","140","00","ACSSF","0018873",,,,,"06","075",,,,"022703",,,,,,,,,,,,,,,,,,,,,,,,,,,,,,,,,,,6254,827,953,95,229,141,26,3983,332.727272727272,240,310.90909090909,50.3030303030303,145.454545454545,81.8181818181818,25.4545454545454,341.818181818181
"06075022801","14000US06075022801","Census Tract 228.01, San Francisco County, California","Census Tract 228.01, San Francisco County, California","ca","140","00","ACSSF","0018874",,,,,"06","075",,,,"022801",,,,,,,,,,,,,,,,,,,,,,,,,,,,,,,,,,,4765,488,410,123,330,164,135,3115,352.727272727272,152.121212121212,135.151515151515,77.5757575757575,192.727272727272,72.7272727272727,61.2121212121212,385.454545454545
"06075022802","14000US06075022802","Census Tract 228.02, San Francisco County, California","Census Tract 228.02, San Francisco County, California","ca","140","00","ACSSF","0018875",,,,,"06","075",,,,"022802",,,,,,,,,,,,,,,,,,,,,,,,,,,,,,,,,,,2111,130,46,39,50,220,67,1559,149.696969696969,57.5757575757575,27.8787878787878,26.6666666666666,30.3030303030303,102.424242424242,41.8181818181818,166.666666666666
"06075022803","14000US06075022803","Census Tract 228.03, San Francisco County, California","Census Tract 228.03, San Francisco County, California","ca","140","00","ACSSF","0018876",,,,,"06","075",,,,"022803",,,,,,,,,,,,,,,,,,,,,,,,,,,,,,,,,,,4747,170,138,101,310,487,29,3512,256.969696969697,51.5151515151515,85.4545454545454,75.1515151515151,143.636363636363,133.333333333333,21.2121212121212,267.272727272727
"06075022901","14000US06075022901","Census Tract 229.01, San Francisco County, California","Census Tract 229.01, San Francisco County, California","ca","140","00","ACSSF","0018877",,,,,"06","075",,,,"022901",,,,,,,,,,,,,,,,,,,,,,,,,,,,,,,,,,,4519,209,359,246,219,304,64,3118,282.424242424242,87.8787878787879,120,140,89.0909090909091,130.30303030303,53.3333333333333,336.363636363636
"06075022902","14000US06075022902","Census Tract 229.02, San Francisco County, California","Census Tract 229.02, San Francisco County, California","ca","140","00","ACSSF","0018878",,,,,"06","075",,,,"022902",,,,,,,,,,,,,,,,,,,,,,,,,,,,,,,,,,,2687,39,279,143,222,339,70,1595,293.333333333333,25.4545454545454,138.181818181818,86.6666666666666,135.757575757575,208.484848484848,64.2424242424242,257.575757575757
"06075022903","14000US06075022903","Census Tract 229.03, San Francisco County, California","Census Tract 229.03, San Francisco County, California","ca","140","00","ACSSF","0018879",,,,,"06","075",,,,"022903",,,,,,,,,,,,,,,,,,,,,,,,,,,,,,,,,,,3226,36,124,288,191,50,0,2537,227.878787878787,22.4242424242424,50.9090909090909,135.151515151515,69.6969696969697,30.3030303030303,80,246.666666666666
"06075023001","14000US06075023001","Census Tract 230.01, San Francisco County, California","Census Tract 230.01, San Francisco County, California","ca","140","00","ACSSF","0018880",,,,,"06","075",,,,"023001",,,,,,,,,,,,,,,,,,,,,,,,,,,,,,,,,,,4761,49,483,278,85,263,114,3489,300,27.2727272727272,178.181818181818,136.969696969696,49.0909090909091,140,75.1515151515151,280.60606060606
"06075023002","14000US06075023002","Census Tract 230.02, San Francisco County, California","Census Tract 230.02, San Francisco County, California","ca","140","00","ACSSF","0018881",,,,,"06","075",,,,"023002",,,,,,,,,,,,,,,,,,,,,,,,,,,,,,,,,,,2170,107,317,139,105,260,29,1213,264.242424242424,68.4848484848484,107.272727272727,81.8181818181818,46.060606060606,138.787878787878,21.2121212121212,231.515151515151
"06075023003","14000US06075023003","Census Tract 230.03, San Francisco County, California","Census Tract 230.03, San Francisco County, California","ca","140","00","ACSSF","0018882",,,,,"06","075",,,,"023003",,,,,,,,,,,,,,,,,,,,,,,,,,,,,,,,,,,3632,260,298,152,179,197,269,2277,365.454545454545,137.575757575757,153.333333333333,109.090909090909,68.4848484848484,100,131.515151515151,378.787878787878
"06075023101","14000US06075023101","Census Tract 231.01, San Francisco County, California","Census Tract 231.01, San Francisco County, California","ca","140","00","ACSSF","0018883",,,,,"06","075",,,,"023101",,,,,,,,,,,,,,,,,,,,,,,,,,,,,,,,,,,1037,17,9,11,180,85,0,735,139.393939393939,15.1515151515151,8.48484848484848,10.3030303030303,143.636363636363,52.7272727272727,80,126.666666666666
"06075023102","14000US06075023102","Census Tract 231.02, San Francisco County, California","Census Tract 231.02, San Francisco County, California","ca","140","00","ACSSF","0018884",,,,,"06","075",,,,"023102",,,,,,,,,,,,,,,,,,,,,,,,,,,,,,,,,,,3372,346,251,652,218,470,122,1313,280.60606060606,116.363636363636,111.515151515151,143.636363636363,112.121212121212,236.969696969697,70.3030303030303,202.424242424242
"06075023103","14000US06075023103","Census Tract 231.03, San Francisco County, California","Census Tract 231.03, San Francisco County, California","ca","140","00","ACSSF","0018885",,,,,"06","075",,,,"023103",,,,,,,,,,,,,,,,,,,,,,,,,,,,,,,,,,,4005,676,972,174,355,409,107,1312,310.30303030303,175.757575757575,237.575757575757,60,149.696969696969,155.151515151515,109.696969696969,223.636363636363
"06075023200","14000US06075023200","Census Tract 232, San Francisco County, California","Census Tract 232, San Francisco County, California","ca","140","00","ACSSF","0018886",,,,,"06","075",,,,"023200",,,,,,,,,,,,,,,,,,,,,,,,,,,,,,,,,,,4747,188,739,84,285,161,130,3160,350.30303030303,91.5151515151515,308.484848484848,59.3939393939394,141.212121212121,135.151515151515,130.30303030303,262.424242424242
"06075023300","14000US06075023300","Census Tract 233, San Francisco County, California","Census Tract 233, San Francisco County, California","ca","140","00","ACSSF","0018887",,,,,"06","075",,,,"023300",,,,,,,,,,,,,,,,,,,,,,,,,,,,,,,,,,,2595,61,204,112,138,100,181,1799,204.242424242424,35.1515151515151,149.696969696969,63.030303030303,99.3939393939394,73.3333333333333,106.060606060606,249.696969696969
"06075023400","14000US06075023400","Census Tract 234, San Francisco County, California","Census Tract 234, San Francisco County, California","ca","140","00","ACSSF","0018888",,,,,"06","075",,,,"023400",,,,,,,,,,,,,,,,,,,,,,,,,,,,,,,,,,,3268,205,702,119,271,260,83,1628,292.121212121212,86.6666666666666,288.484848484848,40,176.363636363636,107.272727272727,78.7878787878788,323.030303030303
"06075025100","14000US06075025100","Census Tract 251, San Francisco County, California","Census Tract 251, San Francisco County, California","ca","140","00","ACSSF","0018889",,,,,"06","075",,,,"025100",,,,,,,,,,,,,,,,,,,,,,,,,,,,,,,,,,,3646,130,71,90,19,212,80,3044,266.666666666666,57.5757575757575,43.030303030303,44.2424242424242,12.7272727272727,95.1515151515151,60.6060606060606,195.757575757575
"06075025200","14000US06075025200","Census Tract 252, San Francisco County, California","Census Tract 252, San Francisco County, California","ca","140","00","ACSSF","0018890",,,,,"06","075",,,,"025200",,,,,,,,,,,,,,,,,,,,,,,,,,,,,,,,,,,6063,280,105,243,72,409,138,4816,395.151515151515,149.090909090909,90.3030303030303,137.575757575757,49.0909090909091,132.727272727272,95.1515151515151,365.454545454545
"06075025300","14000US06075025300","Census Tract 253, San Francisco County, California","Census Tract 253, San Francisco County, California","ca","140","00","ACSSF","0018891",,,,,"06","075",,,,"025300",,,,,,,,,,,,,,,,,,,,,,,,,,,,,,,,,,,4738,155,106,160,198,300,18,3801,236.363636363636,49.6969696969697,44.8484848484848,59.3939393939394,75.1515151515151,95.7575757575757,15.7575757575757,247.878787878787
"06075025401","14000US06075025401","Census Tract 254.01, San Francisco County, California","Census Tract 254.01, San Francisco County, California","ca","140","00","ACSSF","0018892",,,,,"06","075",,,,"025401",,,,,,,,,,,,,,,,,,,,,,,,,,,,,,,,,,,4074,184,515,327,64,272,37,2675,263.636363636363,66.060606060606,155.757575757575,182.424242424242,27.2727272727272,93.9393939393939,32.7272727272727,293.939393939393
"06075025402","14000US06075025402","Census Tract 254.02, San Francisco County, California","Census Tract 254.02, San Francisco County, California","ca","140","00","ACSSF","0018893",,,,,"06","075",,,,"025402",,,,,,,,,,,,,,,,,,,,,,,,,,,,,,,,,,,2924,130,153,52,78,164,6,2341,149.696969696969,60.6060606060606,65.4545454545454,43.030303030303,44.2424242424242,73.3333333333333,7.27272727272727,174.545454545454
"06075025403","14000US06075025403","Census Tract 254.03, San Francisco County, California","Census Tract 254.03, San Francisco County, California","ca","140","00","ACSSF","0018894",,,,,"06","075",,,,"025403",,,,,,,,,,,,,,,,,,,,,,,,,,,,,,,,,,,4557,200,256,169,435,226,123,3148,270.90909090909,78.7878787878788,98.7878787878788,76.9696969696969,164.848484848484,88.4848484848484,95.7575757575757,293.939393939393
"06075025500","14000US06075025500","Census Tract 255, San Francisco County, California","Census Tract 255, San Francisco County, California","ca","140","00","ACSSF","0018895",,,,,"06","075",,,,"025500",,,,,,,,,,,,,,,,,,,,,,,,,,,,,,,,,,,7990,266,368,245,436,168,190,6317,440,126.666666666666,115.757575757575,101.212121212121,215.151515151515,69.0909090909091,111.515151515151,514.545454545454
"06075025600","14000US06075025600","Census Tract 256, San Francisco County, California","Census Tract 256, San Francisco County, California","ca","140","00","ACSSF","0018896",,,,,"06","075",,,,"025600",,,,,,,,,,,,,,,,,,,,,,,,,,,,,,,,,,,5475,104,235,230,229,464,69,4144,258.181818181818,41.2121212121212,81.8181818181818,126.060606060606,111.515151515151,149.090909090909,39.3939393939394,352.121212121212
"06075025700","14000US06075025700","Census Tract 257, San Francisco County, California","Census Tract 257, San Francisco County, California","ca","140","00","ACSSF","0018897",,,,,"06","075",,,,"025700",,,,,,,,,,,,,,,,,,,,,,,,,,,,,,,,,,,8463,231,272,294,819,586,224,6037,354.545454545454,124.242424242424,144.848484848484,107.272727272727,261.212121212121,192.727272727272,133.333333333333,453.939393939394
"06075025800","14000US06075025800","Census Tract 258, San Francisco County, California","Census Tract 258, San Francisco County, California","ca","140","00","ACSSF","0018898",,,,,"06","075",,,,"025800",,,,,,,,,,,,,,,,,,,,,,,,,,,,,,,,,,,2136,86,59,65,234,40,209,1443,158.787878787878,33.9393939393939,28.4848484848484,60.6060606060606,171.515151515151,37.5757575757575,109.090909090909,190.30303030303
"06075025900","14000US06075025900","Census Tract 259, San Francisco County, California","Census Tract 259, San Francisco County, California","ca","140","00","ACSSF","0018899",,,,,"06","075",,,,"025900",,,,,,,,,,,,,,,,,,,,,,,,,,,,,,,,,,,4434,317,491,71,283,184,43,3045,358.181818181818,246.060606060606,173.939393939393,36.9696969696969,175.757575757575,95.7575757575757,110.90909090909,349.090909090909
"06075026001","14000US06075026001","Census Tract 260.01, San Francisco County, California","Census Tract 260.01, San Francisco County, California","ca","140","00","ACSSF","0018900",,,,,"06","075",,,,"026001",,,,,,,,,,,,,,,,,,,,,,,,,,,,,,,,,,,5564,190,362,294,207,272,39,4200,355.757575757575,99.3939393939394,166.666666666666,132.727272727272,86.060606060606,120.60606060606,25.4545454545454,313.333333333333
"06075026002","14000US06075026002","Census Tract 260.02, San Francisco County, California","Census Tract 260.02, San Francisco County, California","ca","140","00","ACSSF","0018901",,,,,"06","075",,,,"026002",,,,,,,,,,,,,,,,,,,,,,,,,,,,,,,,,,,4419,429,414,295,90,302,230,2659,415.151515151515,180,200.60606060606,84.2424242424242,78.7878787878788,112.727272727272,130.90909090909,302.424242424242
"06075026003","14000US06075026003","Census Tract 260.03, San Francisco County, California","Census Tract 260.03, San Francisco County, California","ca","140","00","ACSSF","0018902",,,,,"06","075",,,,"026003",,,,,,,,,,,,,,,,,,,,,,,,,,,,,,,,,,,4421,130,453,211,56,274,25,3272,257.575757575757,69.6969696969697,234.545454545454,77.5757575757575,25.4545454545454,83.030303030303,20.6060606060606,338.787878787878
"06075026004","14000US06075026004","Census Tract 260.04, San Francisco County, California","Census Tract 260.04, San Francisco County, California","ca","140","00","ACSSF","0018903",,,,,"06","075",,,,"026004",,,,,,,,,,,,,,,,,,,,,,,,,,,,,,,,,,,3766,193,63,159,47,359,83,2862,220,90.3030303030303,34.5454545454545,107.272727272727,33.3333333333333,164.848484848484,79.3939393939394,186.666666666666
"06075026100","14000US06075026100","Census Tract 261, San Francisco County, California","Census Tract 261, San Francisco County, California","ca","140","00","ACSSF","0018904",,,,,"06","075",,,,"026100",,,,,,,,,,,,,,,,,,,,,,,,,,,,,,,,,,,6177,129,276,237,145,504,119,4767,349.696969696969,44.8484848484848,125.454545454545,110.30303030303,76.3636363636363,178.181818181818,76.3636363636363,386.666666666666
"06075026200","14000US06075026200","Census Tract 262, San Francisco County, California","Census Tract 262, San Francisco County, California","ca","140","00","ACSSF","0018905",,,,,"06","075",,,,"026200",,,,,,,,,,,,,,,,,,,,,,,,,,,,,,,,,,,7021,102,477,360,215,420,402,5045,358.787878787878,45.4545454545454,234.545454545454,224.848484848484,64.8484848484848,208.484848484848,262.424242424242,463.636363636363
"06075026301","14000US06075026301","Census Tract 263.01, San Francisco County, California","Census Tract 263.01, San Francisco County, California","ca","140","00","ACSSF","0018906",,,,,"06","075",,,,"026301",,,,,,,,,,,,,,,,,,,,,,,,,,,,,,,,,,,4028,131,95,105,49,490,47,3111,310.30303030303,53.9393939393939,49.0909090909091,73.3333333333333,23.6363636363636,201.212121212121,30.9090909090909,344.242424242424
"06075026302","14000US06075026302","Census Tract 263.02, San Francisco County, California","Census Tract 263.02, San Francisco County, California","ca","140","00","ACSSF","0018907",,,,,"06","075",,,,"026302",,,,,,,,,,,,,,,,,,,,,,,,,,,,,,,,,,,4347,89,83,114,487,189,146,3239,236.969696969697,70.3030303030303,44.2424242424242,76.9696969696969,207.878787878787,123.030303030303,124.242424242424,238.181818181818
"06075026303","14000US06075026303","Census Tract 263.03, San Francisco County, California","Census Tract 263.03, San Francisco County, California","ca","140","00","ACSSF","0018908",,,,,"06","075",,,,"026303",,,,,,,,,,,,,,,,,,,,,,,,,,,,,,,,,,,4978,131,391,296,111,217,17,3815,241.818181818181,60.6060606060606,167.272727272727,132.727272727272,57.5757575757575,87.2727272727272,20,253.939393939394
"06075026401","14000US06075026401","Census Tract 264.01, San Francisco County, California","Census Tract 264.01, San Francisco County, California","ca","140","00","ACSSF","0018909",,,,,"06","075",,,,"026401",,,,,,,,,,,,,,,,,,,,,,,,,,,,,,,,,,,4199,169,470,190,155,634,94,2487,238.787878787878,100,200,103.636363636363,115.151515151515,266.666666666666,81.8181818181818,291.515151515151
"06075026402","14000US06075026402","Census Tract 264.02, San Francisco County, California","Census Tract 264.02, San Francisco County, California","ca","140","00","ACSSF","0018910",,,,,"06","075",,,,"026402",,,,,,,,,,,,,,,,,,,,,,,,,,,,,,,,,,,4340,265,139,67,200,216,79,3374,406.666666666666,161.212121212121,69.6969696969697,48.4848484848484,78.7878787878788,127.272727272727,56.9696969696969,269.090909090909
"06075026403","14000US06075026403","Census Tract 264.03, San Francisco County, California","Census Tract 264.03, San Francisco County, California","ca","140","00","ACSSF","0018911",,,,,"06","075",,,,"026403",,,,,,,,,,,,,,,,,,,,,,,,,,,,,,,,,,,3771,175,230,90,217,248,116,2695,300,70.9090909090909,138.181818181818,44.8484848484848,130.30303030303,108.484848484848,83.6363636363636,390.30303030303
"06075026404","14000US06075026404","Census Tract 264.04, San Francisco County, California","Census Tract 264.04, San Francisco County, California","ca","140","00","ACSSF","0018912",,,,,"06","075",,,,"026404",,,,,,,,,,,,,,,,,,,,,,,,,,,,,,,,,,,2540,178,228,293,200,239,47,1355,192.727272727272,104.848484848484,98.1818181818182,144.242424242424,88.4848484848484,147.272727272727,38.1818181818181,295.757575757575
"06075030101","14000US06075030101","Census Tract 301.01, San Francisco County, California","Census Tract 301.01, San Francisco County, California","ca","140","00","ACSSF","0018913",,,,,"06","075",,,,"030101",,,,,,,,,,,,,,,,,,,,,,,,,,,,,,,,,,,4343,216,140,75,0,37,63,3812,287.272727272727,80,63.030303030303,39.3939393939394,80,30.9090909090909,33.3333333333333,257.575757575757
"06075030102","14000US06075030102","Census Tract 301.02, San Francisco County, California","Census Tract 301.02, San Francisco County, California","ca","140","00","ACSSF","0018914",,,,,"06","075",,,,"030102",,,,,,,,,,,,,,,,,,,,,,,,,,,,,,,,,,,4720,131,235,23,50,62,58,4161,233.939393939394,43.6363636363636,120.60606060606,16.3636363636363,33.9393939393939,35.7575757575757,39.3939393939394,229.090909090909
"06075030201","14000US06075030201","Census Tract 302.01, San Francisco County, California","Census Tract 302.01, San Francisco County, California","ca","140","00","ACSSF","0018915",,,,,"06","075",,,,"030201",,,,,,,,,,,,,,,,,,,,,,,,,,,,,,,,,,,3858,112,105,112,252,53,74,3150,244.242424242424,33.9393939393939,42.4242424242424,52.7272727272727,118.181818181818,27.8787878787878,42.4242424242424,264.242424242424
"06075030202","14000US06075030202","Census Tract 302.02, San Francisco County, California","Census Tract 302.02, San Francisco County, California","ca","140","00","ACSSF","0018916",,,,,"06","075",,,,"030202",,,,,,,,,,,,,,,,,,,,,,,,,,,,,,,,,,,4770,549,60,206,172,174,86,3523,347.878787878787,220.60606060606,30.9090909090909,60.6060606060606,106.060606060606,95.7575757575757,43.6363636363636,241.212121212121
"06075030301","14000US06075030301","Census Tract 303.01, San Francisco County, California","Census Tract 303.01, San Francisco County, California","ca","140","00","ACSSF","0018917",,,,,"06","075",,,,"030301",,,,,,,,,,,,,,,,,,,,,,,,,,,,,,,,,,,6169,223,191,252,115,118,95,5175,363.636363636363,87.8787878787879,55.7575757575757,193.939393939393,56.3636363636363,48.4848484848484,50.9090909090909,414.545454545454
"06075030302","14000US06075030302","Census Tract 303.02, San Francisco County, California","Census Tract 303.02, San Francisco County, California","ca","140","00","ACSSF","0018918",,,,,"06","075",,,,"030302",,,,,,,,,,,,,,,,,,,,,,,,,,,,,,,,,,,3836,179,61,30,30,89,31,3416,201.818181818181,131.515151515151,40,17.5757575757575,26.060606060606,45.4545454545454,18.1818181818181,224.848484848484
"06075030400","14000US06075030400","Census Tract 304, San Francisco County, California","Census Tract 304, San Francisco County, California","ca","140","00","ACSSF","0018919",,,,,"06","075",,,,"030400",,,,,,,,,,,,,,,,,,,,,,,,,,,,,,,,,,,5320,121,194,89,68,279,18,4551,173.333333333333,69.6969696969697,114.545454545454,41.8181818181818,37.5757575757575,143.636363636363,16.9696969696969,307.878787878787
"06075030500","14000US06075030500","Census Tract 305, San Francisco County, California","Census Tract 305, San Francisco County, California","ca","140","00","ACSSF","0018920",,,,,"06","075",,,,"030500",,,,,,,,,,,,,,,,,,,,,,,,,,,,,,,,,,,2309,152,55,93,56,33,14,1906,149.696969696969,101.818181818181,24.2424242424242,37.5757575757575,23.030303030303,18.7878787878787,13.9393939393939,92.1212121212121
"06075030600","14000US06075030600","Census Tract 306, San Francisco County, California","Census Tract 306, San Francisco County, California","ca","140","00","ACSSF","0018921",,,,,"06","075",,,,"030600",,,,,,,,,,,,,,,,,,,,,,,,,,,,,,,,,,,2110,70,11,15,12,231,0,1771,138.787878787878,35.7575757575757,15.7575757575757,14.5454545454545,10.3030303030303,111.515151515151,80,118.787878787878
"06075030700","14000US06075030700","Census Tract 307, San Francisco County, California","Census Tract 307, San Francisco County, California","ca","140","00","ACSSF","0018922",,,,,"06","075",,,,"030700",,,,,,,,,,,,,,,,,,,,,,,,,,,,,,,,,,,6333,129,98,69,42,91,132,5772,190.30303030303,60.6060606060606,82.4242424242424,30.3030303030303,24.8484848484848,42.4242424242424,109.090909090909,257.575757575757
"06075030800","14000US06075030800","Census Tract 308, San Francisco County, California","Census Tract 308, San Francisco County, California","ca","140","00","ACSSF","0018923",,,,,"06","075",,,,"030800",,,,,,,,,,,,,,,,,,,,,,,,,,,,,,,,,,,5625,95,44,45,115,263,180,4883,232.727272727272,43.030303030303,41.2121212121212,33.9393939393939,64.2424242424242,143.636363636363,112.121212121212,305.454545454545
"06075030900","14000US06075030900","Census Tract 309, San Francisco County, California","Census Tract 309, San Francisco County, California","ca","140","00","ACSSF","0018924",,,,,"06","075",,,,"030900",,,,,,,,,,,,,,,,,,,,,,,,,,,,,,,,,,,6748,24,67,50,111,265,0,6231,221.818181818181,16.9696969696969,53.9393939393939,35.7575757575757,68.4848484848484,159.393939393939,80,223.636363636363
"06075031000","14000US06075031000","Census Tract 310, San Francisco County, California","Census Tract 310, San Francisco County, California","ca","140","00","ACSSF","0018925",,,,,"06","075",,,,"031000",,,,,,,,,,,,,,,,,,,,,,,,,,,,,,,,,,,3363,98,171,27,130,94,0,2843,190.30303030303,76.9696969696969,73.9393939393939,18.7878787878787,64.2424242424242,44.8484848484848,80,246.060606060606
"06075031100","14000US06075031100","Census Tract 311, San Francisco County, California","Census Tract 311, San Francisco County, California","ca","140","00","ACSSF","0018926",,,,,"06","075",,,,"031100",,,,,,,,,,,,,,,,,,,,,,,,,,,,,,,,,,,7218,97,345,223,132,201,279,5941,262.424242424242,51.5151515151515,161.818181818181,112.121212121212,67.8787878787878,129.696969696969,166.666666666666,341.212121212121
"06075031200","14000US06075031200","Census Tract 312, San Francisco County, California","Census Tract 312, San Francisco County, California","ca","140","00","ACSSF","0018927",,,,,"06","075",,,,"031200",,,,,,,,,,,,,,,,,,,,,,,,,,,,,,,,,,,9215,277,567,346,1077,346,200,6402,529.090909090909,150.90909090909,218.787878787878,233.333333333333,400.60606060606,201.212121212121,171.515151515151,618.787878787878
"06075031300","14000US06075031300","Census Tract 313, San Francisco County, California","Census Tract 313, San Francisco County, California","ca","140","00","ACSSF","0018928",,,,,"06","075",,,,"031300",,,,,,,,,,,,,,,,,,,,,,,,,,,,,,,,,,,9157,723,472,94,137,584,88,7059,451.515151515151,213.333333333333,135.151515151515,107.878787878787,80.6060606060606,295.757575757575,60,569.090909090909
"06075031400","14000US06075031400","Census Tract 314, San Francisco County, California","Census Tract 314, San Francisco County, California","ca","140","00","ACSSF","0018929",,,,,"06","075",,,,"031400",,,,,,,,,,,,,,,,,,,,,,,,,,,,,,,,,,,6220,390,198,87,268,746,177,4354,355.151515151515,140.60606060606,73.9393939393939,64.2424242424242,112.121212121212,282.424242424242,75.7575757575757,451.515151515151
"06075032600","14000US06075032600","Census Tract 326, San Francisco County, California","Census Tract 326, San Francisco County, California","ca","140","00","ACSSF","0018930",,,,,"06","075",,,,"032600",,,,,,,,,,,,,,,,,,,,,,,,,,,,,,,,,,,8842,581,519,374,350,259,432,6327,338.787878787878,234.545454545454,162.424242424242,172.727272727272,208.484848484848,98.1818181818182,175.757575757575,418.181818181818
"06075032700","14000US06075032700","Census Tract 327, San Francisco County, California","Census Tract 327, San Francisco County, California","ca","140","00","ACSSF","0018931",,,,,"06","075",,,,"032700",,,,,,,,,,,,,,,,,,,,,,,,,,,,,,,,,,,6683,251,246,111,73,141,31,5830,304.242424242424,79.3939393939394,89.0909090909091,76.3636363636363,50.9090909090909,68.4848484848484,30.3030303030303,370.90909090909
"06075032800","14000US06075032800","Census Tract 328, San Francisco County, California","Census Tract 328, San Francisco County, California","ca","140","00","ACSSF","0018932",,,,,"06","075",,,,"032800",,,,,,,,,,,,,,,,,,,,,,,,,,,,,,,,,,,8602,487,196,158,212,375,236,6938,567.272727272727,200,86.6666666666666,75.1515151515151,140.60606060606,118.181818181818,161.818181818181,407.272727272727
"06075032900","14000US06075032900","Census Tract 329, San Francisco County, California","Census Tract 329, San Francisco County, California","ca","140","00","ACSSF","0018933",,,,,"06","075",,,,"032900",,,,,,,,,,,,,,,,,,,,,,,,,,,,,,,,,,,9734,50,231,211,171,207,75,8789,458.181818181818,30.9090909090909,101.212121212121,86.060606060606,85.4545454545454,81.2121212121212,49.0909090909091,466.060606060606
"06075033000","14000US06075033000","Census Tract 330, San Francisco County, California","Census Tract 330, San Francisco County, California","ca","140","00","ACSSF","0018934",,,,,"06","075",,,,"033000",,,,,,,,,,,,,,,,,,,,,,,,,,,,,,,,,,,7700,165,59,257,120,232,0,6867,299.393939393939,62.4242424242424,30.9090909090909,94.5454545454545,52.7272727272727,122.424242424242,80,327.878787878787
"06075033100","14000US06075033100","Census Tract 331, San Francisco County, California","Census Tract 331, San Francisco County, California","ca","140","00","ACSSF","0018935",,,,,"06","075",,,,"033100",,,,,,,,,,,,,,,,,,,,,,,,,,,,,,,,,,,3922,25,64,100,7,37,56,3633,152.121212121212,13.9393939393939,27.8787878787878,35.1515151515151,6.66666666666666,29.6969696969697,33.9393939393939,169.696969696969
"06075033201","14000US06075033201","Census Tract 332.01, San Francisco County, California","Census Tract 332.01, San Francisco County, California","ca","140","00","ACSSF","0018936",,,,,"06","075",,,,"033201",,,,,,,,,,,,,,,,,,,,,,,,,,,,,,,,,,,2296,709,201,26,166,36,0,1158,175.151515151515,169.696969696969,50.3030303030303,24.8484848484848,46.6666666666666,21.2121212121212,80,174.545454545454
"06075033202","14000US06075033202","Census Tract 332.02, San Francisco County, California","Census Tract 332.02, San Francisco County, California","ca","140","00","ACSSF","0018937",,,,,"06","075",,,,"033202",,,,,,,,,,,,,,,,,,,,,,,,,,,,,,,,,,,5952,781,513,392,168,392,148,3558,439.393939393939,163.030303030303,192.121212121212,133.333333333333,61.2121212121212,155.757575757575,66.060606060606,381.818181818181
"06075035100","14000US06075035100","Census Tract 351, San Francisco County, California","Census Tract 351, San Francisco County, California","ca","140","00","ACSSF","0018938",,,,,"06","075",,,,"035100",,,,,,,,,,,,,,,,,,,,,,,,,,,,,,,,,,,8240,208,176,614,246,451,111,6434,452.121212121212,85.4545454545454,61.2121212121212,310.90909090909,93.9393939393939,151.515151515151,62.4242424242424,396.969696969697
"06075035201","14000US06075035201","Census Tract 352.01, San Francisco County, California","Census Tract 352.01, San Francisco County, California","ca","140","00","ACSSF","0018939",,,,,"06","075",,,,"035201",,,,,,,,,,,,,,,,,,,,,,,,,,,,,,,,,,,5266,177,191,214,195,462,11,4016,261.818181818181,71.5151515151515,75.1515151515151,106.060606060606,103.030303030303,149.696969696969,10.3030303030303,303.030303030303
"06075035202","14000US06075035202","Census Tract 352.02, San Francisco County, California","Census Tract 352.02, San Francisco County, California","ca","140","00","ACSSF","0018940",,,,,"06","075",,,,"035202",,,,,,,,,,,,,,,,,,,,,,,,,,,,,,,,,,,4667,120,188,246,240,295,189,3389,220.60606060606,45.4545454545454,76.9696969696969,115.757575757575,103.636363636363,104.848484848484,115.151515151515,249.696969696969
"06075035300","14000US06075035300","Census Tract 353, San Francisco County, California","Census Tract 353, San Francisco County, California","ca","140","00","ACSSF","0018941",,,,,"06","075",,,,"035300",,,,,,,,,,,,,,,,,,,,,,,,,,,,,,,,,,,7227,386,252,358,175,509,61,5486,333.333333333333,168.484848484848,98.7878787878788,232.727272727272,100.60606060606,209.090909090909,46.6666666666666,404.848484848484
"06075035400","14000US06075035400","Census Tract 354, San Francisco County, California","Census Tract 354, San Francisco County, California","ca","140","00","ACSSF","0018942",,,,,"06","075",,,,"035400",,,,,,,,,,,,,,,,,,,,,,,,,,,,,,,,,,,6876,65,769,236,334,175,358,4939,335.151515151515,40.6060606060606,297.575757575757,166.666666666666,190.90909090909,73.9393939393939,223.030303030303,432.727272727272
"06075040100","14000US06075040100","Census Tract 401, San Francisco County, California","Census Tract 401, San Francisco County, California","ca","140","00","ACSSF","0018943",,,,,"06","075",,,,"040100",,,,,,,,,,,,,,,,,,,,,,,,,,,,,,,,,,,4585,421,297,161,261,214,25,3206,391.515151515151,234.545454545454,116.363636363636,65.4545454545454,89.0909090909091,84.8484848484848,18.1818181818181,252.727272727272
"06075040200","14000US06075040200","Census Tract 402, San Francisco County, California","Census Tract 402, San Francisco County, California","ca","140","00","ACSSF","0018944",,,,,"06","075",,,,"040200",,,,,,,,,,,,,,,,,,,,,,,,,,,,,,,,,,,5388,223,430,125,126,143,189,4152,314.545454545454,76.3636363636363,172.121212121212,67.8787878787878,86.060606060606,54.5454545454545,113.939393939393,324.242424242424
"06075042600","14000US06075042600","Census Tract 426, San Francisco County, California","Census Tract 426, San Francisco County, California","ca","140","00","ACSSF","0018945",,,,,"06","075",,,,"042600",,,,,,,,,,,,,,,,,,,,,,,,,,,,,,,,,,,7595,169,871,73,25,255,27,6175,460.60606060606,80.6060606060606,303.030303030303,32.7272727272727,20,95.1515151515151,17.5757575757575,487.878787878788
"06075042700","14000US06075042700","Census Tract 427, San Francisco County, California","Census Tract 427, San Francisco County, California","ca","140","00","ACSSF","0018946",,,,,"06","075",,,,"042700",,,,,,,,,,,,,,,,,,,,,,,,,,,,,,,,,,,5978,117,209,215,194,362,136,4745,368.484848484848,61.2121212121212,79.3939393939394,75.7575757575757,73.9393939393939,210.30303030303,74.5454545454545,498.181818181818
"06075042800","14000US06075042800","Census Tract 428, San Francisco County, California","Census Tract 428, San Francisco County, California","ca","140","00","ACSSF","0018947",,,,,"06","075",,,,"042800",,,,,,,,,,,,,,,,,,,,,,,,,,,,,,,,,,,2662,34,11,0,0,80,80,2457,201.818181818181,15.7575757575757,10.3030303030303,80,80,89.0909090909091,60.6060606060606,200.60606060606
"06075045100","14000US06075045100","Census Tract 451, San Francisco County, California","Census Tract 451, San Francisco County, California","ca","140","00","ACSSF","0018948",,,,,"06","075",,,,"045100",,,,,,,,,,,,,,,,,,,,,,,,,,,,,,,,,,,4951,291,175,404,101,88,28,3864,245.454545454545,135.757575757575,58.7878787878788,152.727272727272,73.9393939393939,42.4242424242424,22.4242424242424,353.939393939393
"06075045200","14000US06075045200","Census Tract 452, San Francisco County, California","Census Tract 452, San Francisco County, California","ca","140","00","ACSSF","0018949",,,,,"06","075",,,,"045200",,,,,,,,,,,,,,,,,,,,,,,,,,,,,,,,,,,6546,568,293,176,382,302,73,4752,273.939393939393,163.636363636363,103.636363636363,58.7878787878788,144.242424242424,113.939393939393,58.7878787878788,357.575757575757
"06075047600","14000US06075047600","Census Tract 476, San Francisco County, California","Census Tract 476, San Francisco County, California","ca","140","00","ACSSF","0018950",,,,,"06","075",,,,"047600",,,,,,,,,,,,,,,,,,,,,,,,,,,,,,,,,,,5068,234,385,119,349,183,379,3419,236.969696969697,87.8787878787879,138.787878787878,40.6060606060606,124.848484848484,95.1515151515151,218.181818181818,274.545454545454
"06075047701","14000US06075047701","Census Tract 477.01, San Francisco County, California","Census Tract 477.01, San Francisco County, California","ca","140","00","ACSSF","0018951",,,,,"06","075",,,,"047701",,,,,,,,,,,,,,,,,,,,,,,,,,,,,,,,,,,4180,137,224,211,131,50,61,3366,284.848484848484,51.5151515151515,86.060606060606,104.848484848484,81.8181818181818,40.6060606060606,76.9696969696969,321.212121212121
"06075047702","14000US06075047702","Census Tract 477.02, San Francisco County, California","Census Tract 477.02, San Francisco County, California","ca","140","00","ACSSF","0018952",,,,,"06","075",,,,"047702",,,,,,,,,,,,,,,,,,,,,,,,,,,,,,,,,,,4080,179,206,282,94,169,0,3150,261.212121212121,74.5454545454545,89.6969696969697,121.818181818181,60,71.5151515151515,80,236.969696969697
"06075047800","14000US06075047800","Census Tract 478, San Francisco County, California","Census Tract 478, San Francisco County, California","ca","140","00","ACSSF","0018953",,,,,"06","075",,,,"047800",,,,,,,,,,,,,,,,,,,,,,,,,,,,,,,,,,,8942,182,361,289,331,465,312,7002,671.515151515151,62.4242424242424,130.30303030303,109.696969696969,144.848484848484,180,120,681.212121212121
"06075047901","14000US06075047901","Census Tract 479.01, San Francisco County, California","Census Tract 479.01, San Francisco County, California","ca","140","00","ACSSF","0018954",,,,,"06","075",,,,"047901",,,,,,,,,,,,,,,,,,,,,,,,,,,,,,,,,,,6664,108,286,372,355,271,225,5047,322.424242424242,43.6363636363636,78.1818181818182,197.575757575757,149.090909090909,103.636363636363,88.4848484848484,313.333333333333
"06075047902","14000US06075047902","Census Tract 479.02, San Francisco County, California","Census Tract 479.02, San Francisco County, California","ca","140","00","ACSSF","0018955",,,,,"06","075",,,,"047902",,,,,,,,,,,,,,,,,,,,,,,,,,,,,,,,,,,3750,17,252,83,279,10,53,3056,260,15.7575757575757,109.090909090909,41.2121212121212,135.757575757575,9.69696969696969,40.6060606060606,226.666666666666
"06075060100","14000US06075060100","Census Tract 601, San Francisco County, California","Census Tract 601, San Francisco County, California","ca","140","00","ACSSF","0018956",,,,,"06","075",,,,"060100",,,,,,,,,,,,,,,,,,,,,,,,,,,,,,,,,,,2605,145,90,26,45,109,36,2154,280,66.6666666666666,51.5151515151515,19.3939393939393,27.8787878787878,90.3030303030303,24.2424242424242,251.515151515151
"06075060200","14000US06075060200","Census Tract 602, San Francisco County, California","Census Tract 602, San Francisco County, California","ca","140","00","ACSSF","0018957",,,,,"06","075",,,,"060200",,,,,,,,,,,,,,,,,,,,,,,,,,,,,,,,,,,312,19,0,41,0,0,0,252,124.242424242424,16.9696969696969,80,41.2121212121212,80,80,80,90.9090909090909
"06075060300","14000US06075060300","Census Tract 603, San Francisco County, California","Census Tract 603, San Francisco County, California","ca","140","00","ACSSF","0018958",,,,,"06","075",,,,"060300",,,,,,,,,,,,,,,,,,,,,,,,,,,,,,,,,,,50,0,0,0,0,0,0,50,17.5757575757575,80,80,80,80,80,80,17.5757575757575
"06075060400","14000US06075060400","Census Tract 604, San Francisco County, California","Census Tract 604, San Francisco County, California","ca","140","00","ACSSF","0018959",,,,,"06","075",,,,"060400",,,,,,,,,,,,,,,,,,,,,,,,,,,,,,,,,,,2753,256,84,37,60,22,25,2269,179.393939393939,76.9696969696969,40,20.6060606060606,35.7575757575757,12.7272727272727,14.5454545454545,188.484848484848
"06075060501","14000US06075060501","Census Tract 605.01, San Francisco County, California","Census Tract 605.01, San Francisco County, California","ca","140","00","ACSSF","0018960",,,,,"06","075",,,,"060501",,,,,,,,,,,,,,,,,,,,,,,,,,,,,,,,,,,640,34,6,20,340,53,0,187,239.393939393939,32.1212121212121,5.45454545454545,18.7878787878787,205.454545454545,50.3030303030303,80,104.848484848484
"06075060502","14000US06075060502","Census Tract 605.02, San Francisco County, California","Census Tract 605.02, San Francisco County, California","ca","140","00","ACSSF","0018961",,,,,"06","075",,,,"060502",,,,,,,,,,,,,,,,,,,,,,,,,,,,,,,,,,,2933,519,556,303,284,201,4,1066,285.454545454545,204.242424242424,218.787878787878,101.212121212121,98.1818181818182,96.3636363636364,4.24242424242424,269.090909090909
"06075060600","14000US06075060600","Census Tract 606, San Francisco County, California","Census Tract 606, San Francisco County, California","ca","140","00","ACSSF","0018962",,,,,"06","075",,,,"060600",,,,,,,,,,,,,,,,,,,,,,,,,,,,,,,,,,,269,8,9,129,0,0,0,123,118.181818181818,7.87878787878788,7.87878787878788,122.424242424242,80,80,80,47.2727272727272
"06075060700","14000US06075060700","Census Tract 607, San Francisco County, California","Census Tract 607, San Francisco County, California","ca","140","00","ACSSF","0018963",,,,,"06","075",,,,"060700",,,,,,,,,,,,,,,,,,,,,,,,,,,,,,,,,,,4475,201,202,50,165,467,275,3115,268.484848484848,58.1818181818182,84.2424242424242,27.2727272727272,73.9393939393939,175.151515151515,162.424242424242,257.575757575757
"06075060900","14000US06075060900","Census Tract 609, San Francisco County, California","Census Tract 609, San Francisco County, California","ca","140","00","ACSSF","0018964",,,,,"06","075",,,,"060900",,,,,,,,,,,,,,,,,,,,,,,,,,,,,,,,,,,406,15,0,0,0,0,0,391,103.636363636363,13.9393939393939,80,80,80,80,80,103.636363636363
"06075061000","14000US06075061000","Census Tract 610, San Francisco County, California","Census Tract 610, San Francisco County, California","ca","140","00","ACSSF","0018965",,,,,"06","075",,,,"061000",,,,,,,,,,,,,,,,,,,,,,,,,,,,,,,,,,,3273,27,42,27,170,81,0,2926,323.030303030303,15.7575757575757,41.2121212121212,18.7878787878787,93.3333333333333,48.4848484848484,80,319.393939393939
